{
  "model" : {
    "property" : "custom_model_data",
    "entries" : [ {
      "threshold" : 800003,
      "model" : {
        "type" : "model",
        "model" : "item/backpackplus/backpacks/backpack_tier_3"
      }
    }, {
      "threshold" : 800002,
      "model" : {
        "type" : "model",
        "model" : "item/backpackplus/backpacks/backpack_tier_2"
      }
    }, {
      "threshold" : 800001,
      "model" : {
        "type" : "model",
        "model" : "item/backpackplus/backpacks/backpack_tier_1"
      }
    } ],
    "type" : "range_dispatch",
    "fallback" : {
      "type" : "model",
      "model" : "item/brown_dye"
    }
  }
}
